<?xml version="1.0" encoding="UTF-8"?>
    <addon id="repository.romytvplace" name="romytvplace" version="1.0.0" provider-name="RomyCupidon">
        <requires>
            <import addon="xbmc.addon" version="12.0.0"/>
        </requires>
        <extension point="xbmc.addon.repository" name="romytvplace">
            <info compressed="false">https://raw.githubusercontent.com/romycupidon/romytvplace/_repo/addons.xml</info>
            <checksum>https://raw.githubusercontent.com/romycupidon/romytvplace/_repo/addons.xml.md5</checksum>
            <datadir zip="true">https://raw.githubusercontent.com/romycupidon/romytvplace/_repo/</datadir>
            <hashes>false</hashes>
        </extension>
        <extension point="xbmc.addon.metadata">
            <summary>All FREE!</summary>
            <description>Am zis sa fie!  :).</description>
            <platform>all</platform>
    </extension>
</addon>